{
	"variants": {
		"": [
			{
				"model": "biomeswevegone:block/holly_leaves",
				"weight": 16
			},
			{
				"model": "biomeswevegone:block/holly_leaves_1",
				"weight": 1
			},
			{
				"model": "biomeswevegone:block/holly_leaves_1",
				"y": 90,
				"weight": 1
			},
			{
				"model": "biomeswevegone:block/holly_leaves_1",
				"y": 180,
				"weight": 1
			},
			{
				"model": "biomeswevegone:block/holly_leaves_1",
				"y": 270,
				"weight": 1
			},
			{
				"model": "biomeswevegone:block/holly_leaves_2",
				"weight": 1
			},
			{
				"model": "biomeswevegone:block/holly_leaves_2",
				"y": 90,
				"weight": 1
			},
			{
				"model": "biomeswevegone:block/holly_leaves_2",
				"y": 180,
				"weight": 1
			},
			{
				"model": "biomeswevegone:block/holly_leaves_2",
				"y": 270,
				"weight": 1
			},
			{
				"model": "biomeswevegone:block/holly_leaves_3",
				"weight": 1
			},
			{
				"model": "biomeswevegone:block/holly_leaves_3",
				"y": 90,
				"weight": 1
			},
			{
				"model": "biomeswevegone:block/holly_leaves_3",
				"y": 180,
				"weight": 1
			},
			{
				"model": "biomeswevegone:block/holly_leaves_3",
				"y": 270,
				"weight": 1
			},
			{
				"model": "biomeswevegone:block/holly_leaves_4",
				"weight": 1
			},
			{
				"model": "biomeswevegone:block/holly_leaves_4",
				"y": 90,
				"weight": 1
			},
			{
				"model": "biomeswevegone:block/holly_leaves_4",
				"y": 180,
				"weight": 1
			},
			{
				"model": "biomeswevegone:block/holly_leaves_4",
				"y": 270,
				"weight": 1
			}
		]
	}
}