{
	"credit": "zanderest",
	"textures": {
		"particle": "#sides"
	},
	"elements": [
		{
			"name": "block",
			"from": [0, 0, 0],
			"to": [16, 16, 16],
			"faces": {
				"north": {"uv": [0, 0, 16, 16], "texture": "#sides", "cullface": "north"},
				"east": {"uv": [0, 0, 16, 16], "texture": "#sides", "cullface": "east"},
				"south": {"uv": [0, 0, 16, 16], "texture": "#sides", "cullface": "south"},
				"west": {"uv": [0, 0, 16, 16], "texture": "#sides", "cullface": "west"},
				"down": {"uv": [0, 0, 16, 16], "texture": "#down", "cullface": "down"}
			}
		},
		{
			"name": "canopy",
			"from": [-3, 10.6554, -4],
			"to": [19, 18.6554, 20],
			"rotation": {"angle": -22.5, "axis": "x", "origin": [8, 10.6554, 8], "rescale": true},
			"faces": {
				"north": {"uv": [2.5, 4, 13.5, 8], "texture": "#canopy", "cullface": "up"},
				"east": {"uv": [2, 12, 14, 16], "texture": "#canopy", "cullface": "up"},
				"south": {"uv": [2.5, 4, 13.5, 8], "texture": "#canopy", "cullface": "up"},
				"west": {"uv": [2, 12, 14, 16], "texture": "#canopy", "cullface": "up"},
				"up": {"uv": [2.5, 0, 13.5, 12], "texture": "#canopy", "cullface": "up"},
				"down": {"uv": [2.5, 0, 13.5, 12], "texture": "#canopy", "cullface": "up"}
			}
		}
	]
}