{
	"credit": "zanderest",
	"textures": {
		"particle": "#block"
	},
	"elements": [
		{
			"name": "block",
			"from": [0, 0, 0],
			"to": [16, 16, 16],
			"faces": {
				"north": {"uv": [0, 0, 16, 16], "texture": "#block", "cullface": "north", "tintindex": 0},
				"east": {"uv": [0, 0, 16, 16], "texture": "#block", "cullface": "east", "tintindex": 0},
				"south": {"uv": [0, 0, 16, 16], "texture": "#block", "cullface": "south", "tintindex": 0},
				"west": {"uv": [0, 0, 16, 16], "texture": "#block", "cullface": "west", "tintindex": 0},
				"up": {"uv": [0, 0, 16, 16], "texture": "#block", "cullface": "up", "tintindex": 0},
				"down": {"uv": [0, 0, 16, 16], "texture": "#block", "cullface": "down", "tintindex": 0}
			}
		},
		{
			"name": "block",
			"from": [0, 0, 0],
			"to": [16, 16, 16],
			"faces": {
				"north": {"uv": [0, 0, 16, 16], "texture": "#block_overlay", "cullface": "north"},
				"east": {"uv": [0, 0, 16, 16], "texture": "#block_overlay", "cullface": "east"},
				"south": {"uv": [0, 0, 16, 16], "texture": "#block_overlay", "cullface": "south"},
				"west": {"uv": [0, 0, 16, 16], "texture": "#block_overlay", "cullface": "west"},
				"up": {"uv": [0, 0, 16, 16], "texture": "#block_overlay", "cullface": "up"},
				"down": {"uv": [0, 0, 16, 16], "texture": "#block_overlay", "cullface": "down"}
			}
		},
		{
			"name": "canopy",
			"from": [-3, 7.9996, -8.6858],
			"to": [19, 15.9996, 15.3142],
			"rotation": {"angle": -22.5, "axis": "x", "origin": [8, 7.9996, 15.3142], "rescale": true},
			"faces": {
				"north": {"uv": [2.5, 4, 13.5, 8], "texture": "#canopy", "cullface": "north", "tintindex": 0},
				"east": {"uv": [2, 12, 14, 16], "texture": "#canopy", "cullface": "north", "tintindex": 0},
				"south": {"uv": [2.5, 4, 13.5, 8], "texture": "#canopy", "cullface": "north", "tintindex": 0},
				"west": {"uv": [2, 12, 14, 16], "texture": "#canopy", "cullface": "north", "tintindex": 0},
				"up": {"uv": [2.5, 0, 13.5, 12], "texture": "#canopy", "cullface": "north", "tintindex": 0},
				"down": {"uv": [2.5, 0, 13.5, 12], "texture": "#canopy", "cullface": "north", "tintindex": 0}
			}
		},
		{
			"name": "canopy",
			"from": [-3, 7.9996, -8.6858],
			"to": [19, 15.9996, 15.3142],
			"rotation": {"angle": -22.5, "axis": "x", "origin": [8, 7.9996, 15.3142], "rescale": true},
			"faces": {
				"north": {"uv": [2.5, 4, 13.5, 8], "texture": "#canopy_overlay", "cullface": "north"},
				"east": {"uv": [2, 12, 14, 16], "texture": "#canopy_overlay", "cullface": "north"},
				"south": {"uv": [2.5, 4, 13.5, 8], "texture": "#canopy_overlay", "cullface": "north"},
				"west": {"uv": [2, 12, 14, 16], "texture": "#canopy_overlay", "cullface": "north"},
				"up": {"uv": [2.5, 0, 13.5, 12], "texture": "#canopy_overlay", "cullface": "north"},
				"down": {"uv": [2.5, 0, 13.5, 12], "texture": "#canopy_overlay", "cullface": "north"}
			}
		}
	]
}